question_id,question,reference_answer,pipeline_name,model_name,rag_enabled,prompt_version,system_prompt,user_prompt,retrieved_context_exact,retrieved_chunks,retrieved_chunk_ids,retrieved_metadata,reranked_chunk_ids,structured_ops_used,structured_ops_outputs,final_context_presented_to_model,generated_answer,answer_status,error_message,latency_seconds,input_tokens,output_tokens,total_tokens,timestamp_utc,attempt_count,retrieval_diagnostics,generation_metadata
1,"Show all ""Tier 1/2"" suppliers in Georgia, list their EV Supply Chain Role and Product / Service.","There are 18 Tier 1/2 companies in Georgia (using Updated Location). F&P Georgia Manufacturing [Tier 1/2] | Role: Battery Pack | Product: Lithium-ion battery recycler and raw materials provider Fouts Brothers Fire Equipment [Tier 1/2] | Role: General Automotive | Product: Automotive body parts and electronics Cylinder-head and specialty gaskets, housing modules and shielding systems for engines, transmissions, exhaust systems and auxiliary units Hitachi Astemo [Tier 1/2] | Role: General Automotive | Product: Car audio systems Hitachi Astemo Americas Inc. [Tier 1/2] | Role: Battery Cell | Product: Battery cells for electric mobility Hollingsworth & Vose Co. [Tier 1/2] | Role: Battery Pack | Product: Lithium-ion battery materials Honda Development & Manufacturing [Tier 1/2] | Role: Battery Cell | Product: Battery cells for electric mobility Hwashin [Tier 1/2] | Role: General Automotive | Product: Modules and storage systems Hyundai & LG Energy Solution (LGES) [Tier 1/2] | Role: General Automotive | Product: Storage batteries Hyundai Industrial Co. [Tier 1/2] | Role: General Automotive | Product: Automotive batteries Hyundai MOBIS (Georgia) [Tier 1/2] | Role: General Automotive | Product: Capacitors, electronic automotive components Hyundai Motor Group [Tier 1/2] | Role: Battery Pack | Product: Battery parts for electric vehicles Hyundai Transys Georgia Powertrain [Tier 1/2] | Role: Thermal Management | Product: Electrical heaters, control units, and actuators Hyundai Transys Georgia Seating Systems [Tier 1/2] | Role: General Automotive | Product: Automotive electronics, resonators, capacitors, resistors, electronics and electronic parts IMMI [Tier 1/2] | Role: Battery Pack | Product: Battery electrolyte IMS Gear Georgia Inc. [Tier 1/2] | Role: General Automotive | Product: Car audio systems Inalfa Roof Systems Inc. [Tier 1/2] | Role: General Automotive | Product: Automotive electronic safety systems JAC Products Inc. [Tier 1/2] | Role: General Automotive | Product: Switches, resistors and related products Jefferson Southern Corp. [Tier 1/2] | Role: General Automotive | Product: High current switches and resistors for automotive HVAC systems",qwen_norag,qwen2.5:14b,False,benchmark_v2,"You are a closed-book baseline for a domain-specific QA benchmark.
Do not fabricate domain-specific facts, company names, counts, rankings, or OEM relationships.
If you do not know the answer from prior knowledge, say exactly: I do not know based on the closed-book baseline and will not fabricate domain specifics.
Keep answers concise.","QUESTION:
Show all ""Tier 1/2"" suppliers in Georgia, list their EV Supply Chain Role and Product / Service.

Answer from closed-book knowledge only.",,[],[],[],[],[],[],,I do not know based on the closed-book baseline and will not fabricate domain specifics.,success,,0.5597260729409754,130,19,149,2026-04-05T22:10:03+00:00,1,{},"{'done_reason': 'stop', 'total_duration': 531032123, 'eval_duration': 276317467}"
8,Which county have the highest total Employment among Tier 1 suppliers only?,"Troup County has the highest total Employment among Tier 1 suppliers with a total of 2,435 employees",qwen_norag,qwen2.5:14b,False,benchmark_v2,"You are a closed-book baseline for a domain-specific QA benchmark.
Do not fabricate domain-specific facts, company names, counts, rankings, or OEM relationships.
If you do not know the answer from prior knowledge, say exactly: I do not know based on the closed-book baseline and will not fabricate domain specifics.
Keep answers concise.","QUESTION:
Which county have the highest total Employment among Tier 1 suppliers only?

Answer from closed-book knowledge only.",,[],[],[],[],[],[],,I do not know based on the closed-book baseline and will not fabricate domain specifics.,success,,0.5099318120628595,120,19,139,2026-04-05T22:10:04+00:00,1,{},"{'done_reason': 'stop', 'total_duration': 481465915, 'eval_duration': 275378452}"
9,"Which county has the highest total employment across all companies, and what is the combined employment in that county?",Gwinnett County has the highest total employment across all companies: 253022.,qwen_norag,qwen2.5:14b,False,benchmark_v2,"You are a closed-book baseline for a domain-specific QA benchmark.
Do not fabricate domain-specific facts, company names, counts, rankings, or OEM relationships.
If you do not know the answer from prior knowledge, say exactly: I do not know based on the closed-book baseline and will not fabricate domain specifics.
Keep answers concise.","QUESTION:
Which county has the highest total employment across all companies, and what is the combined employment in that county?

Answer from closed-book knowledge only.",,[],[],[],[],[],[],,I do not know based on the closed-book baseline and will not fabricate domain specifics.,success,,0.5073249428533018,127,19,146,2026-04-05T22:10:04+00:00,1,{},"{'done_reason': 'stop', 'total_duration': 481945740, 'eval_duration': 275261204}"
